,Name,Year,Quarter,Day,Visits,Percentage
1,DowntownWest,2023,Q1,Sunday,1234357.792,12.84992349
2,DowntownWest,2023,Q1,Monday,1298920.23,13.52203201
3,DowntownWest,2023,Q1,Tuesday,1405807.058,14.6347463
4,DowntownWest,2023,Q1,Wednesday,1445270.966,15.04557386
5,DowntownWest,2023,Q1,Thursday,1461828.423,15.21794046
6,DowntownWest,2023,Q1,Friday,1479834.1,15.40538334
7,DowntownWest,2023,Q1,Saturday,1279935.841,13.32440053
8,DowntownWest,2022,Q1,Sunday,1223996.997,13.01841703
9,DowntownWest,2022,Q1,Monday,1150474.152,12.23642895
10,DowntownWest,2022,Q1,Tuesday,1246607.803,13.25890528
11,DowntownWest,2022,Q1,Wednesday,1324251.014,14.08471753
12,DowntownWest,2022,Q1,Thursday,1418141.896,15.08333979
13,DowntownWest,2022,Q1,Friday,1507528.658,16.03405629
14,DowntownWest,2022,Q1,Saturday,1531041.174,16.28413512
15,DowntownYonge,2023,Q1,Sunday,1079697.879,12.71722718
16,DowntownYonge,2023,Q1,Monday,1179855.672,13.89693627
17,DowntownYonge,2023,Q1,Tuesday,1232707.131,14.51944747
18,DowntownYonge,2023,Q1,Wednesday,1302797.79,15.34501066
19,DowntownYonge,2023,Q1,Thursday,1260995.294,14.85263973
20,DowntownYonge,2023,Q1,Friday,1319930.85,15.5468125
21,DowntownYonge,2023,Q1,Saturday,1114056.994,13.12192619
22,DowntownYonge,2022,Q1,Sunday,1104060.15,13.09724668
23,DowntownYonge,2022,Q1,Monday,1168805.374,13.86530643
24,DowntownYonge,2022,Q1,Tuesday,1176743.65,13.95947663
25,DowntownYonge,2022,Q1,Wednesday,1172743.074,13.91201859
26,DowntownYonge,2022,Q1,Thursday,1235565.702,14.65727097
27,DowntownYonge,2022,Q1,Friday,1283613.799,15.22725602
28,DowntownYonge,2022,Q1,Saturday,1288180.061,15.28142468
29,FinancialDistrict,2023,Q1,Sunday,989636.2917,10.22977621
30,FinancialDistrict,2023,Q1,Monday,1350257.258,13.95748084
31,FinancialDistrict,2023,Q1,Tuesday,1561811.328,16.14429514
32,FinancialDistrict,2023,Q1,Wednesday,1596598.112,16.50388281
33,FinancialDistrict,2023,Q1,Thursday,1595503.563,16.49256856
34,FinancialDistrict,2023,Q1,Friday,1529503.36,15.81033075
35,FinancialDistrict,2023,Q1,Saturday,1050765.759,10.8616657
36,FinancialDistrict,2022,Q1,Sunday,1166730.345,10.78360349
37,FinancialDistrict,2022,Q1,Monday,1474589.849,13.62902088
38,FinancialDistrict,2022,Q1,Tuesday,1572114.992,14.53040523
39,FinancialDistrict,2022,Q1,Wednesday,1666038.988,15.39850567
40,FinancialDistrict,2022,Q1,Thursday,1766024.206,16.32262748
41,FinancialDistrict,2022,Q1,Friday,1723465.491,15.92927497
42,FinancialDistrict,2022,Q1,Saturday,1450520.975,13.40656229
43,GerrardIndiaBaz,2023,Q1,Sunday,56061.21068,15.40480459
44,GerrardIndiaBaz,2023,Q1,Monday,47135.50221,12.95214984
45,GerrardIndiaBaz,2023,Q1,Tuesday,48862.04348,13.42657825
46,GerrardIndiaBaz,2023,Q1,Wednesday,52068.18677,14.30757975
47,GerrardIndiaBaz,2023,Q1,Thursday,45607.08568,12.53216323
48,GerrardIndiaBaz,2023,Q1,Friday,55239.48638,15.17900672
49,GerrardIndiaBaz,2023,Q1,Saturday,58946.78213,16.19771762
50,GerrardIndiaBaz,2022,Q1,Sunday,39166.60539,16.90505085
51,GerrardIndiaBaz,2022,Q1,Monday,25115.99052,10.84053859
52,GerrardIndiaBaz,2022,Q1,Tuesday,26169.19571,11.29512195
53,GerrardIndiaBaz,2022,Q1,Wednesday,35686.26926,15.40287167
54,GerrardIndiaBaz,2022,Q1,Thursday,33367.38585,14.40199755
55,GerrardIndiaBaz,2022,Q1,Friday,31705.47034,13.68468324
56,GerrardIndiaBaz,2022,Q1,Saturday,40474.90113,17.46973615
57,Greektown,2023,Q1,Sunday,169293.7805,12.37182938
58,Greektown,2023,Q1,Monday,179123.9882,13.09021167
59,Greektown,2023,Q1,Tuesday,202389.198,14.79041119
60,Greektown,2023,Q1,Wednesday,191245.619,13.97604898
61,Greektown,2023,Q1,Thursday,204408.9889,14.9380156
62,Greektown,2023,Q1,Friday,211558.5214,15.46049668
63,Greektown,2023,Q1,Saturday,210361.0485,15.37298649
64,Greektown,2022,Q1,Sunday,134788.139,12.12404418
65,Greektown,2022,Q1,Monday,149702.6758,13.46559028
66,Greektown,2022,Q1,Tuesday,151167.6172,13.59736014
67,Greektown,2022,Q1,Wednesday,160389.9675,14.42690036
68,Greektown,2022,Q1,Thursday,177367.4982,15.95401049
69,Greektown,2022,Q1,Friday,161401.2872,14.51786745
70,Greektown,2022,Q1,Saturday,176925.2094,15.9142271
71,Leslieville,2023,Q1,Sunday,147392.6999,13.89076696
72,Leslieville,2023,Q1,Monday,127284.614,11.9957156
73,Leslieville,2023,Q1,Tuesday,152126.3586,14.33688233
74,Leslieville,2023,Q1,Wednesday,154159.6715,14.52850835
75,Leslieville,2023,Q1,Thursday,152085.9487,14.33307397
76,Leslieville,2023,Q1,Friday,159535.8869,15.03518036
77,Leslieville,2023,Q1,Saturday,168498.7791,15.87987244
78,Leslieville,2022,Q1,Sunday,123601.9036,15.49133651
79,Leslieville,2022,Q1,Monday,100004.0943,12.5337639
80,Leslieville,2022,Q1,Tuesday,108201.1375,13.56111989
81,Leslieville,2022,Q1,Wednesday,113429.4204,14.21639369
82,Leslieville,2022,Q1,Thursday,107237.8986,13.44039474
83,Leslieville,2022,Q1,Friday,104174.0789,13.05639853
84,Leslieville,2022,Q1,Saturday,141229.064,17.70059273
85,LibertyVillage,2023,Q1,Sunday,169407.632,13.03046132
86,LibertyVillage,2023,Q1,Monday,170673.799,13.12785209
87,LibertyVillage,2023,Q1,Tuesday,195004.688,14.9993304
88,LibertyVillage,2023,Q1,Wednesday,190978.5315,14.68964732
89,LibertyVillage,2023,Q1,Thursday,194156.4689,14.93408726
90,LibertyVillage,2023,Q1,Friday,215524.8704,16.57769756
91,LibertyVillage,2023,Q1,Saturday,164343.2999,12.64092406
92,LibertyVillage,2022,Q1,Sunday,107971.1161,12.21680249
93,LibertyVillage,2022,Q1,Monday,124691.3603,14.10867811
94,LibertyVillage,2022,Q1,Tuesday,132468.8541,14.98869221
95,LibertyVillage,2022,Q1,Wednesday,127458.4993,14.42177658
96,LibertyVillage,2022,Q1,Thursday,139737.5532,15.81113682
97,LibertyVillage,2022,Q1,Friday,128931.5675,14.58845247
98,LibertyVillage,2022,Q1,Saturday,122532.992,13.86446132
99,PapeVillage,2023,Q1,Sunday,74785.32864,14.35822676
100,PapeVillage,2023,Q1,Monday,65140.4386,12.50647962
101,PapeVillage,2023,Q1,Tuesday,74970.66818,14.39381057
102,PapeVillage,2023,Q1,Wednesday,71362.94423,13.70115441
103,PapeVillage,2023,Q1,Thursday,72826.06064,13.98206188
104,PapeVillage,2023,Q1,Friday,81070.83537,15.56499729
105,PapeVillage,2023,Q1,Saturday,80697.23848,15.49326947
106,PapeVillage,2022,Q1,Sunday,48852.79858,12.10874496
107,PapeVillage,2022,Q1,Monday,61284.36828,15.1900568
108,PapeVillage,2022,Q1,Tuesday,54231.58649,13.44194127
109,PapeVillage,2022,Q1,Wednesday,57651.05449,14.28949693
110,PapeVillage,2022,Q1,Thursday,56483.83939,14.00018884
111,PapeVillage,2022,Q1,Friday,62610.59155,15.51877695
112,PapeVillage,2022,Q1,Saturday,62336.31497,15.45079425
113,QueenStreet,2023,Q1,Sunday,346138.5951,14.6650344
114,QueenStreet,2023,Q1,Monday,302400.8879,12.81197615
115,QueenStreet,2023,Q1,Tuesday,314576.0586,13.32780796
116,QueenStreet,2023,Q1,Wednesday,343622.8782,14.55844971
117,QueenStreet,2023,Q1,Thursday,342195.5239,14.49797625
118,QueenStreet,2023,Q1,Friday,356569.819,15.10697951
119,QueenStreet,2023,Q1,Saturday,354794.7921,15.03177602
120,QueenStreet,2022,Q1,Sunday,300960.8033,15.14612059
121,QueenStreet,2022,Q1,Monday,228555.3959,11.50225394
122,QueenStreet,2022,Q1,Tuesday,264603.756,13.31641978
123,QueenStreet,2022,Q1,Wednesday,272341.2456,13.70581584
124,QueenStreet,2022,Q1,Thursday,286731.4367,14.43001504
125,QueenStreet,2022,Q1,Friday,297431.5464,14.96850759
126,QueenStreet,2022,Q1,Saturday,336424.5893,16.93086721
127,Riverside,2023,Q1,Sunday,99755.93223,12.8852508
128,Riverside,2023,Q1,Monday,95299.77128,12.30965845
129,Riverside,2023,Q1,Tuesday,104058.226,13.44096847
130,Riverside,2023,Q1,Wednesday,118055.5684,15.2489739
131,Riverside,2023,Q1,Thursday,110550.7056,14.27958755
132,Riverside,2023,Q1,Friday,128828.7425,16.64052072
133,Riverside,2023,Q1,Saturday,117638.0201,15.19504012
134,Riverside,2022,Q1,Sunday,71882.75152,12.49282125
135,Riverside,2022,Q1,Monday,75132.51495,13.05761201
136,Riverside,2022,Q1,Tuesday,84077.72606,14.6122398
137,Riverside,2022,Q1,Wednesday,83701.762,14.54689935
138,Riverside,2022,Q1,Thursday,78355.0031,13.61766247
139,Riverside,2022,Q1,Friday,88481.24144,15.37754621
140,Riverside,2022,Q1,Saturday,93761.46091,16.2952189
141,StLawrenceMarket,2023,Q1,Sunday,755313.3734,12.41429018
142,StLawrenceMarket,2023,Q1,Monday,816017.3336,13.41201722
143,StLawrenceMarket,2023,Q1,Tuesday,894952.6638,14.70939408
144,StLawrenceMarket,2023,Q1,Wednesday,939598.1601,15.44318507
145,StLawrenceMarket,2023,Q1,Thursday,911303.1743,14.97813019
146,StLawrenceMarket,2023,Q1,Friday,927022.0975,15.23648557
147,StLawrenceMarket,2023,Q1,Saturday,840018.4143,13.80649769
148,StLawrenceMarket,2022,Q1,Sunday,603685.7221,11.45273797
149,StLawrenceMarket,2022,Q1,Monday,664483.3698,12.60615191
150,StLawrenceMarket,2022,Q1,Tuesday,738504.4015,14.0104314
151,StLawrenceMarket,2022,Q1,Wednesday,779076.8496,14.78014584
152,StLawrenceMarket,2022,Q1,Thursday,807675.6964,15.3227048
153,StLawrenceMarket,2022,Q1,Friday,845110.8739,16.03290096
154,StLawrenceMarket,2022,Q1,Saturday,832567.0249,15.79492711
155,WestQueenWest,2023,Q1,Sunday,254554.0272,14.97203267
156,WestQueenWest,2023,Q1,Monday,206988.0327,12.17435694
157,WestQueenWest,2023,Q1,Tuesday,221584.2163,13.03285657
158,WestQueenWest,2023,Q1,Wednesday,233982.1739,13.76206375
159,WestQueenWest,2023,Q1,Thursday,239761.651,14.10199363
160,WestQueenWest,2023,Q1,Friday,262208.2148,15.42222687
161,WestQueenWest,2023,Q1,Saturday,281118.53,16.53446957
162,WestQueenWest,2022,Q1,Sunday,119999.2227,13.68634156
163,WestQueenWest,2022,Q1,Monday,101492.1352,11.57554188
164,WestQueenWest,2022,Q1,Tuesday,120236.0315,13.71335045
165,WestQueenWest,2022,Q1,Wednesday,113902.6654,12.99100734
166,WestQueenWest,2022,Q1,Thursday,130142.1056,14.84317372
167,WestQueenWest,2022,Q1,Friday,141759.832,16.16821706
168,WestQueenWest,2022,Q1,Saturday,149248.8638,17.02236799
169,DowntownWest,2023,Q2,Sunday,2350963.545,12.7184988
170,DowntownWest,2023,Q2,Monday,2452735.516,13.2690759
171,DowntownWest,2023,Q2,Tuesday,2673164.013,14.46157401
172,DowntownWest,2023,Q2,Wednesday,2781785.122,15.04920432
173,DowntownWest,2023,Q2,Thursday,2750699.402,14.88103341
174,DowntownWest,2023,Q2,Friday,2870881.29,15.53120648
175,DowntownWest,2023,Q2,Saturday,2604370.447,14.08940708
176,DowntownWest,2022,Q2,Sunday,2303397.782,12.19138644
177,DowntownWest,2022,Q2,Monday,2336764.769,12.36799069
178,DowntownWest,2022,Q2,Tuesday,2703425.421,14.30864624
179,DowntownWest,2022,Q2,Wednesday,2729446.044,14.44636778
180,DowntownWest,2022,Q2,Thursday,2902579.294,15.36272463
181,DowntownWest,2022,Q2,Friday,3033712.353,16.05678356
182,DowntownWest,2022,Q2,Saturday,2884323.499,15.26610066
183,DowntownYonge,2023,Q2,Sunday,2198538.048,12.71153391
184,DowntownYonge,2023,Q2,Monday,2335506.74,13.50346115
185,DowntownYonge,2023,Q2,Tuesday,2467791.822,14.26830865
186,DowntownYonge,2023,Q2,Wednesday,2605172.848,15.06261992
187,DowntownYonge,2023,Q2,Thursday,2531503.611,14.63667824
188,DowntownYonge,2023,Q2,Friday,2693196.278,15.57155486
189,DowntownYonge,2023,Q2,Saturday,2463906.297,14.24584327
190,DowntownYonge,2022,Q2,Sunday,2249216.076,12.45452965
191,DowntownYonge,2022,Q2,Monday,2441248.154,13.51786422
192,DowntownYonge,2022,Q2,Tuesday,2592397.668,14.35482076
193,DowntownYonge,2022,Q2,Wednesday,2612416.943,14.46567301
194,DowntownYonge,2022,Q2,Thursday,2703036.604,14.96745906
195,DowntownYonge,2022,Q2,Friday,2805028.372,15.5322156
196,DowntownYonge,2022,Q2,Saturday,2656078.248,14.7074377
197,FinancialDistrict,2023,Q2,Sunday,1757005.218,9.707780079
198,FinancialDistrict,2023,Q2,Monday,2408119.906,13.30530963
199,FinancialDistrict,2023,Q2,Tuesday,2861170.463,15.80849808
200,FinancialDistrict,2023,Q2,Wednesday,2984232.338,16.48843779
201,FinancialDistrict,2023,Q2,Thursday,2966858.017,16.39244144
202,FinancialDistrict,2023,Q2,Friday,2960949.92,16.35979811
203,FinancialDistrict,2023,Q2,Saturday,2160603.379,11.93773486
204,FinancialDistrict,2022,Q2,Sunday,2060376.873,9.584559526
205,FinancialDistrict,2022,Q2,Monday,2941947.016,13.68548962
206,FinancialDistrict,2022,Q2,Tuesday,3404583.202,15.83760272
207,FinancialDistrict,2022,Q2,Wednesday,3438389.392,15.99486397
208,FinancialDistrict,2022,Q2,Thursday,3602241.119,16.75707726
209,FinancialDistrict,2022,Q2,Friday,3398352.093,15.80861655
210,FinancialDistrict,2022,Q2,Saturday,2650944.532,12.33179036
211,GerrardIndiaBaz,2023,Q2,Sunday,95964.87278,14.52654563
212,GerrardIndiaBaz,2023,Q2,Monday,86298.75329,13.06335059
213,GerrardIndiaBaz,2023,Q2,Tuesday,80582.53855,12.19806674
214,GerrardIndiaBaz,2023,Q2,Wednesday,93057.8118,14.08649342
215,GerrardIndiaBaz,2023,Q2,Thursday,90327.9996,13.67327199
216,GerrardIndiaBaz,2023,Q2,Friday,101261.1033,15.32825497
217,GerrardIndiaBaz,2023,Q2,Saturday,113124.2157,17.12401667
218,GerrardIndiaBaz,2022,Q2,Sunday,56099.28016,14.75985099
219,GerrardIndiaBaz,2022,Q2,Monday,48068.30249,12.6468821
220,GerrardIndiaBaz,2022,Q2,Tuesday,48579.34616,12.78133888
221,GerrardIndiaBaz,2022,Q2,Wednesday,53430.17293,14.05760267
222,GerrardIndiaBaz,2022,Q2,Thursday,53647.95225,14.11490092
223,GerrardIndiaBaz,2022,Q2,Friday,56772.28601,14.93692039
224,GerrardIndiaBaz,2022,Q2,Saturday,63482.92097,16.70250405
225,Greektown,2023,Q2,Sunday,325813.3668,13.46277729
226,Greektown,2023,Q2,Monday,310211.7609,12.81811085
227,Greektown,2023,Q2,Tuesday,334787.8213,13.83360641
228,Greektown,2023,Q2,Wednesday,344971.2142,14.25438948
229,Greektown,2023,Q2,Thursday,368296.2512,15.21819211
230,Greektown,2023,Q2,Friday,366833.007,15.1577301
231,Greektown,2023,Q2,Saturday,369191.73,15.25519376
232,Greektown,2022,Q2,Sunday,227602.0608,11.77303536
233,Greektown,2022,Q2,Monday,248595.1776,12.85893373
234,Greektown,2022,Q2,Tuesday,276743.3125,14.31493543
235,Greektown,2022,Q2,Wednesday,276849.8916,14.32044838
236,Greektown,2022,Q2,Thursday,305042.8036,15.77876624
237,Greektown,2022,Q2,Friday,305794.6573,15.81765692
238,Greektown,2022,Q2,Saturday,292620.8625,15.13622394
239,Leslieville,2023,Q2,Sunday,255009.5839,13.14136234
240,Leslieville,2023,Q2,Monday,250671.1787,12.9177921
241,Leslieville,2023,Q2,Tuesday,267087.8307,13.76378843
242,Leslieville,2023,Q2,Wednesday,288139.9758,14.84866478
243,Leslieville,2023,Q2,Thursday,291428.8606,15.01815028
244,Leslieville,2023,Q2,Friday,297370.5286,15.32434117
245,Leslieville,2023,Q2,Saturday,290803.0578,14.9859009
246,Leslieville,2022,Q2,Sunday,202323.8927,14.15361476
247,Leslieville,2022,Q2,Monday,182033.6055,12.73420302
248,Leslieville,2022,Q2,Tuesday,195836.3113,13.6997745
249,Leslieville,2022,Q2,Wednesday,203236.6382,14.21746608
250,Leslieville,2022,Q2,Thursday,205693.1024,14.3893086
251,Leslieville,2022,Q2,Friday,200826.1239,14.048838
252,Leslieville,2022,Q2,Saturday,239535.9813,16.75679503
253,LibertyVillage,2023,Q2,Sunday,319472.6114,12.44937181
254,LibertyVillage,2023,Q2,Monday,343419.6135,13.38255082
255,LibertyVillage,2023,Q2,Tuesday,376867.7147,14.6859735
256,LibertyVillage,2023,Q2,Wednesday,377464.461,14.70922782
257,LibertyVillage,2023,Q2,Thursday,379744.6012,14.79808148
258,LibertyVillage,2023,Q2,Friday,405372.4705,15.79676138
259,LibertyVillage,2023,Q2,Saturday,363833.0797,14.17803319
260,LibertyVillage,2022,Q2,Sunday,221244.1645,11.38709873
261,LibertyVillage,2022,Q2,Monday,270056.0209,13.89937032
262,LibertyVillage,2022,Q2,Tuesday,294872.1148,15.17661671
263,LibertyVillage,2022,Q2,Wednesday,289082.5344,14.87863587
264,LibertyVillage,2022,Q2,Thursday,303567.0042,15.62412937
265,LibertyVillage,2022,Q2,Friday,296720.9394,15.27177289
266,LibertyVillage,2022,Q2,Saturday,267394.3097,13.76237612
267,PapeVillage,2023,Q2,Sunday,132528.7904,13.62284543
268,PapeVillage,2023,Q2,Monday,129621.941,13.32404575
269,PapeVillage,2023,Q2,Tuesday,139859.8083,14.37641243
270,PapeVillage,2023,Q2,Wednesday,140707.0738,14.46350421
271,PapeVillage,2023,Q2,Thursday,134440.5934,13.81936271
272,PapeVillage,2023,Q2,Friday,145151.4196,14.92034559
273,PapeVillage,2023,Q2,Saturday,150532.5824,15.47348388
274,PapeVillage,2022,Q2,Sunday,90307.64788,12.89569643
275,PapeVillage,2022,Q2,Monday,92439.75016,13.20015507
276,PapeVillage,2022,Q2,Tuesday,99019.3611,14.13970634
277,PapeVillage,2022,Q2,Wednesday,97688.29663,13.94963381
278,PapeVillage,2022,Q2,Thursday,104556.3814,14.93037839
279,PapeVillage,2022,Q2,Friday,108612.5367,15.50958679
280,PapeVillage,2022,Q2,Saturday,107668.9367,15.37484317
281,QueenStreet,2023,Q2,Sunday,599612.655,14.47344147
282,QueenStreet,2023,Q2,Monday,526165.2671,12.7005695
283,QueenStreet,2023,Q2,Tuesday,553175.366,13.35253887
284,QueenStreet,2023,Q2,Wednesday,587071.5068,14.17072342
285,QueenStreet,2023,Q2,Thursday,578066.8152,13.95336831
286,QueenStreet,2023,Q2,Friday,637984.8392,15.39966869
287,QueenStreet,2023,Q2,Saturday,660771.3746,15.94968975
288,QueenStreet,2022,Q2,Sunday,520293.4076,14.40718623
289,QueenStreet,2022,Q2,Monday,420157.8984,11.6343836
290,QueenStreet,2022,Q2,Tuesday,474004.1945,13.12541463
291,QueenStreet,2022,Q2,Wednesday,484283.9061,13.41006502
292,QueenStreet,2022,Q2,Thursday,520620.1088,14.41623275
293,QueenStreet,2022,Q2,Friday,575260.0285,15.92923962
294,QueenStreet,2022,Q2,Saturday,616726.9,17.07747815
295,Riverside,2023,Q2,Sunday,149740.7578,12.31247103
296,Riverside,2023,Q2,Monday,145219.5431,11.94071303
297,Riverside,2023,Q2,Tuesday,179148.5875,14.73053714
298,Riverside,2023,Q2,Wednesday,189413.5619,15.57457721
299,Riverside,2023,Q2,Thursday,184341.2972,15.15750899
300,Riverside,2023,Q2,Friday,190632.0387,15.67476677
301,Riverside,2023,Q2,Saturday,177675.6663,14.60942583
302,Riverside,2022,Q2,Sunday,131401.1866,12.68078869
303,Riverside,2022,Q2,Monday,139251.8908,13.43841595
304,Riverside,2022,Q2,Tuesday,153829.19,14.84518902
305,Riverside,2022,Q2,Wednesday,142274.9201,13.73015148
306,Riverside,2022,Q2,Thursday,145665.0052,14.05730951
307,Riverside,2022,Q2,Friday,167709.8545,16.1847338
308,Riverside,2022,Q2,Saturday,156090.461,15.06341155
309,StLawrenceMarket,2023,Q2,Sunday,1244251.745,11.47831086
310,StLawrenceMarket,2023,Q2,Monday,1438748.268,13.27255512
311,StLawrenceMarket,2023,Q2,Tuesday,1600392.688,14.7637364
312,StLawrenceMarket,2023,Q2,Wednesday,1693041.162,15.61842517
313,StLawrenceMarket,2023,Q2,Thursday,1640127.226,15.13029034
314,StLawrenceMarket,2023,Q2,Friday,1691051.643,15.60007171
315,StLawrenceMarket,2023,Q2,Saturday,1532412.074,14.1366104
316,StLawrenceMarket,2022,Q2,Sunday,1112438.899,10.97623622
317,StLawrenceMarket,2022,Q2,Monday,1309175.707,12.91740322
318,StLawrenceMarket,2022,Q2,Tuesday,1501858.835,14.81857328
319,StLawrenceMarket,2022,Q2,Wednesday,1535065.995,15.14622241
320,StLawrenceMarket,2022,Q2,Thursday,1599659.701,15.78355699
321,StLawrenceMarket,2022,Q2,Friday,1595921.695,15.74667475
322,StLawrenceMarket,2022,Q2,Saturday,1480855.095,14.61133313
323,WestQueenWest,2023,Q2,Sunday,432063.1011,14.65983732
324,WestQueenWest,2023,Q2,Monday,375712.6763,12.74787572
325,WestQueenWest,2023,Q2,Tuesday,398756.1021,13.52973576
326,WestQueenWest,2023,Q2,Wednesday,419469.6074,14.23254194
327,WestQueenWest,2023,Q2,Thursday,406222.3487,13.78306441
328,WestQueenWest,2023,Q2,Friday,447060.7419,15.16870506
329,WestQueenWest,2023,Q2,Saturday,467972.5548,15.87823979
330,WestQueenWest,2022,Q2,Sunday,279950.385,14.23624979
331,WestQueenWest,2022,Q2,Monday,236151.7327,12.00896743
332,WestQueenWest,2022,Q2,Tuesday,265583.4095,13.50564943
333,WestQueenWest,2022,Q2,Wednesday,269044.497,13.68165529
334,WestQueenWest,2022,Q2,Thursday,282251.9472,14.35329059
335,WestQueenWest,2022,Q2,Friday,310048.5953,15.76682686
336,WestQueenWest,2022,Q2,Saturday,323431.03,16.44736061
337,DowntownWest,2023,Q3,Sunday,2584861.37,12.94872725
338,DowntownWest,2023,Q3,Monday,2582840.579,12.9386042
339,DowntownWest,2023,Q3,Tuesday,2885330.655,14.45391235
340,DowntownWest,2023,Q3,Wednesday,2970974.581,14.88294109
341,DowntownWest,2023,Q3,Thursday,2966356.206,14.85980559
342,DowntownWest,2023,Q3,Friday,3095720.78,15.50785063
343,DowntownWest,2023,Q3,Saturday,2876197.22,14.40815889
344,DowntownWest,2022,Q3,Sunday,1466554.758,11.70946607
345,DowntownWest,2022,Q3,Monday,1639470.559,13.09008394
346,DowntownWest,2022,Q3,Tuesday,1839430.141,14.68662846
347,DowntownWest,2022,Q3,Wednesday,1864380.016,14.88583664
348,DowntownWest,2022,Q3,Thursday,1926732.903,15.38368305
349,DowntownWest,2022,Q3,Friday,1980683.655,15.81444398
350,DowntownWest,2022,Q3,Saturday,1807270.849,14.42985786
351,DowntownYonge,2023,Q3,Sunday,2471766.662,12.94300157
352,DowntownYonge,2023,Q3,Monday,2544218.569,13.32238412
353,DowntownYonge,2023,Q3,Tuesday,2739090.263,14.34279785
354,DowntownYonge,2023,Q3,Wednesday,2813871.838,14.73437933
355,DowntownYonge,2023,Q3,Thursday,2802104.081,14.6727594
356,DowntownYonge,2023,Q3,Friday,2946732.507,15.43008248
357,DowntownYonge,2023,Q3,Saturday,2779537.894,14.55459525
358,DowntownYonge,2022,Q3,Sunday,1535271.435,11.76962747
359,DowntownYonge,2022,Q3,Monday,1824113.398,13.98393447
360,DowntownYonge,2022,Q3,Tuesday,1915121.253,14.68161472
361,DowntownYonge,2022,Q3,Wednesday,1907163.536,14.62060963
362,DowntownYonge,2022,Q3,Thursday,1981658.137,15.19169673
363,DowntownYonge,2022,Q3,Friday,2059406.713,15.78772929
364,DowntownYonge,2022,Q3,Saturday,1821615.824,13.96478769
365,FinancialDistrict,2023,Q3,Sunday,2052003.008,10.11105514
366,FinancialDistrict,2023,Q3,Monday,2625821.033,12.93849042
367,FinancialDistrict,2023,Q3,Tuesday,3220047.396,15.86648589
368,FinancialDistrict,2023,Q3,Wednesday,3312237.087,16.32074207
369,FinancialDistrict,2023,Q3,Thursday,3275924.85,16.14181688
370,FinancialDistrict,2023,Q3,Friday,3279322.169,16.15855686
371,FinancialDistrict,2023,Q3,Saturday,2529292.042,12.46285274
372,FinancialDistrict,2022,Q3,Sunday,1265686.865,8.765873217
373,FinancialDistrict,2022,Q3,Monday,2057058.295,14.24674042
374,FinancialDistrict,2022,Q3,Tuesday,2386997.726,16.53182949
375,FinancialDistrict,2022,Q3,Wednesday,2314635.98,16.0306677
376,FinancialDistrict,2022,Q3,Thursday,2423387.777,16.7838591
377,FinancialDistrict,2022,Q3,Friday,2287097.323,15.83994093
378,FinancialDistrict,2022,Q3,Saturday,1703935.61,11.80108915
379,GerrardIndiaBaz,2023,Q3,Sunday,102845.0768,13.69196653
380,GerrardIndiaBaz,2023,Q3,Monday,98794.83131,13.15274942
381,GerrardIndiaBaz,2023,Q3,Tuesday,99130.18216,13.19739533
382,GerrardIndiaBaz,2023,Q3,Wednesday,106472.7012,14.17491927
383,GerrardIndiaBaz,2023,Q3,Thursday,104310.1986,13.88702107
384,GerrardIndiaBaz,2023,Q3,Friday,114613.4745,15.25871637
385,GerrardIndiaBaz,2023,Q3,Saturday,124967.9802,16.637232
386,GerrardIndiaBaz,2022,Q3,Sunday,43746.14656,15.48359913
387,GerrardIndiaBaz,2022,Q3,Monday,33269.39715,11.77543737
388,GerrardIndiaBaz,2022,Q3,Tuesday,39714.08028,14.05648148
389,GerrardIndiaBaz,2022,Q3,Wednesday,37386.85552,13.23277887
390,GerrardIndiaBaz,2022,Q3,Thursday,40918.77571,14.4828738
391,GerrardIndiaBaz,2022,Q3,Friday,42303.98245,14.97315667
392,GerrardIndiaBaz,2022,Q3,Saturday,45192.91899,15.99567268
393,Greektown,2023,Q3,Sunday,351919.0412,12.75184813
394,Greektown,2023,Q3,Monday,338721.5447,12.27363453
395,Greektown,2023,Q3,Tuesday,396585.5219,14.37034588
396,Greektown,2023,Q3,Wednesday,398015.9298,14.42217697
397,Greektown,2023,Q3,Thursday,419154.6369,15.18814172
398,Greektown,2023,Q3,Friday,422508.6937,15.30967656
399,Greektown,2023,Q3,Saturday,432843.9451,15.6841762
400,Greektown,2022,Q3,Sunday,149250.388,11.65877269
401,Greektown,2022,Q3,Monday,174807.795,13.655203
402,Greektown,2022,Q3,Tuesday,192016.8267,14.99949557
403,Greektown,2022,Q3,Wednesday,177291.171,13.84919322
404,Greektown,2022,Q3,Thursday,191698.1621,14.97460292
405,Greektown,2022,Q3,Friday,204137.8987,15.9463395
406,Greektown,2022,Q3,Saturday,190952.986,14.9163931
407,Leslieville,2023,Q3,Sunday,287972.7778,13.49943751
408,Leslieville,2023,Q3,Monday,263437.0626,12.34926507
409,Leslieville,2023,Q3,Tuesday,291877.6329,13.68248727
410,Leslieville,2023,Q3,Wednesday,314600.6137,14.7476833
411,Leslieville,2023,Q3,Thursday,310243.6152,14.5434382
412,Leslieville,2023,Q3,Friday,327770.238,15.36504207
413,Leslieville,2023,Q3,Saturday,337318.6294,15.81264658
414,Leslieville,2022,Q3,Sunday,124465.8379,12.78204208
415,Leslieville,2022,Q3,Monday,122751.7719,12.60601576
416,Leslieville,2022,Q3,Tuesday,137794.0687,14.1507872
417,Leslieville,2022,Q3,Wednesday,147261.5071,15.12304752
418,Leslieville,2022,Q3,Thursday,146160.5355,15.00998304
419,Leslieville,2022,Q3,Friday,144652.1216,14.8550762
420,Leslieville,2022,Q3,Saturday,150669.6578,15.47304819
421,LibertyVillage,2023,Q3,Sunday,345345.7176,12.7451407
422,LibertyVillage,2023,Q3,Monday,354088.678,13.06780363
423,LibertyVillage,2023,Q3,Tuesday,387522.9591,14.30171097
424,LibertyVillage,2023,Q3,Wednesday,398927.6234,14.72260529
425,LibertyVillage,2023,Q3,Thursday,398051.391,14.69026753
426,LibertyVillage,2023,Q3,Friday,423355.6827,15.62413392
427,LibertyVillage,2023,Q3,Saturday,402334.5095,14.84833797
428,LibertyVillage,2022,Q3,Sunday,181013.5716,11.57310818
429,LibertyVillage,2022,Q3,Monday,222226.499,14.20805793
430,LibertyVillage,2022,Q3,Tuesday,233093.2629,14.90282482
431,LibertyVillage,2022,Q3,Wednesday,233542.9282,14.93157418
432,LibertyVillage,2022,Q3,Thursday,241980.7914,15.47104922
433,LibertyVillage,2022,Q3,Friday,245897.5006,15.72146414
434,LibertyVillage,2022,Q3,Saturday,206333.2335,13.19192153
435,PapeVillage,2023,Q3,Sunday,141907.756,13.51433689
436,PapeVillage,2023,Q3,Monday,135289.0354,12.88401461
437,PapeVillage,2023,Q3,Tuesday,152102.4064,14.48520658
438,PapeVillage,2023,Q3,Wednesday,154211.1879,14.6860327
439,PapeVillage,2023,Q3,Thursday,149668.8883,14.25345474
440,PapeVillage,2023,Q3,Friday,150977.6293,14.3780904
441,PapeVillage,2023,Q3,Saturday,165896.5117,15.79886407
442,PapeVillage,2022,Q3,Sunday,57192.20409,13.25714676
443,PapeVillage,2022,Q3,Monday,57813.7458,13.40122006
444,PapeVillage,2022,Q3,Tuesday,62986.15411,14.60018375
445,PapeVillage,2022,Q3,Wednesday,59395.544,13.76788071
446,PapeVillage,2022,Q3,Thursday,64063.40932,14.84989139
447,PapeVillage,2022,Q3,Friday,62678.00862,14.52875566
448,PapeVillage,2022,Q3,Saturday,67277.51897,15.59492166
449,QueenStreet,2023,Q3,Sunday,717068.0573,15.05619241
450,QueenStreet,2023,Q3,Monday,596807.6062,12.53109808
451,QueenStreet,2023,Q3,Tuesday,636575.9565,13.36610938
452,QueenStreet,2023,Q3,Wednesday,669176.5705,14.05062058
453,QueenStreet,2023,Q3,Thursday,645915.3201,13.56220688
454,QueenStreet,2023,Q3,Friday,723612.2006,15.19359901
455,QueenStreet,2023,Q3,Saturday,773456.4929,16.24017366
456,QueenStreet,2022,Q3,Sunday,324212.9438,13.46457896
457,QueenStreet,2022,Q3,Monday,306563.1345,12.73158155
458,QueenStreet,2022,Q3,Tuesday,336210.1111,13.9628219
459,QueenStreet,2022,Q3,Wednesday,315415.6247,13.09922589
460,QueenStreet,2022,Q3,Thursday,359469.4531,14.92878347
461,QueenStreet,2022,Q3,Friday,381390.9389,15.83918382
462,QueenStreet,2022,Q3,Saturday,384632.9432,15.97382441
463,Riverside,2023,Q3,Sunday,164156.3794,12.36515854
464,Riverside,2023,Q3,Monday,155398.1716,11.70544232
465,Riverside,2023,Q3,Tuesday,198648.8007,14.96331683
466,Riverside,2023,Q3,Wednesday,196337.9545,14.78925123
467,Riverside,2023,Q3,Thursday,193374.3395,14.5660155
468,Riverside,2023,Q3,Friday,208719.3631,15.72188681
469,Riverside,2023,Q3,Saturday,210936.9654,15.88892877
470,Riverside,2022,Q3,Sunday,86713.44201,12.51203387
471,Riverside,2022,Q3,Monday,90597.93906,13.07253473
472,Riverside,2022,Q3,Tuesday,98695.28916,14.24091551
473,Riverside,2022,Q3,Wednesday,98765.90383,14.25110462
474,Riverside,2022,Q3,Thursday,103389.5918,14.91826462
475,Riverside,2022,Q3,Friday,114310.0947,16.49400304
476,Riverside,2022,Q3,Saturday,100568.079,14.51114362
477,StLawrenceMarket,2023,Q3,Sunday,1396800.12,11.65837643
478,StLawrenceMarket,2023,Q3,Monday,1566001.54,13.07061416
479,StLawrenceMarket,2023,Q3,Tuesday,1789950.449,14.9398012
480,StLawrenceMarket,2023,Q3,Wednesday,1835006.506,15.31586107
481,StLawrenceMarket,2023,Q3,Thursday,1796181.597,14.99180941
482,StLawrenceMarket,2023,Q3,Friday,1866946.576,15.58244851
483,StLawrenceMarket,2023,Q3,Saturday,1730199.338,14.44108923
484,StLawrenceMarket,2022,Q3,Sunday,740132.5763,10.6536601
485,StLawrenceMarket,2022,Q3,Monday,927478.4604,13.3503653
486,StLawrenceMarket,2022,Q3,Tuesday,1052099.758,15.14419654
487,StLawrenceMarket,2022,Q3,Wednesday,1054235.965,15.17494566
488,StLawrenceMarket,2022,Q3,Thursday,1088665.229,15.67052941
489,StLawrenceMarket,2022,Q3,Friday,1097308.666,15.79494529
490,StLawrenceMarket,2022,Q3,Saturday,987293.4458,14.2113577
491,WestQueenWest,2023,Q3,Sunday,492203.4022,14.65331947
492,WestQueenWest,2023,Q3,Monday,415500.6519,12.36981249
493,WestQueenWest,2023,Q3,Tuesday,459334.2869,13.67477758
494,WestQueenWest,2023,Q3,Wednesday,479721.9863,14.28173696
495,WestQueenWest,2023,Q3,Thursday,468941.5989,13.96079554
496,WestQueenWest,2023,Q3,Friday,504200.1848,15.01047402
497,WestQueenWest,2023,Q3,Saturday,539086.9788,16.04908395
498,WestQueenWest,2022,Q3,Sunday,216037.783,13.83210306
499,WestQueenWest,2022,Q3,Monday,205505.7511,13.15777587
500,WestQueenWest,2022,Q3,Tuesday,223097.6394,14.28411964
501,WestQueenWest,2022,Q3,Wednesday,220930.0542,14.14533715
502,WestQueenWest,2022,Q3,Thursday,223561.4889,14.31381822
503,WestQueenWest,2022,Q3,Friday,234214.2895,14.99587779
504,WestQueenWest,2022,Q3,Saturday,238510.8118,15.27096827
505,DowntownWest,2023,Q4,Sunday,2899970.583,13.08091956
506,DowntownWest,2023,Q4,Monday,2927664.865,13.20584037
507,DowntownWest,2023,Q4,Tuesday,3212189.981,14.48924999
508,DowntownWest,2023,Q4,Wednesday,3329744.145,15.01950246
509,DowntownWest,2023,Q4,Thursday,3338008.552,15.05678079
510,DowntownWest,2023,Q4,Friday,3418236.535,15.41866577
511,DowntownWest,2023,Q4,Saturday,3043655.683,13.72904105
512,DowntownWest,2022,Q4,Sunday,1168520.129,11.75398337
513,DowntownWest,2022,Q4,Monday,1365963.645,13.74004056
514,DowntownWest,2022,Q4,Tuesday,1394087.325,14.02293279
515,DowntownWest,2022,Q4,Wednesday,1464756.631,14.73378563
516,DowntownWest,2022,Q4,Thursday,1498439.605,15.07259804
517,DowntownWest,2022,Q4,Friday,1542947.708,15.52029893
518,DowntownWest,2022,Q4,Saturday,1506766.852,15.15636067
519,DowntownYonge,2023,Q4,Sunday,2754315.327,13.00387978
520,DowntownYonge,2023,Q4,Monday,2894810.629,13.66719672
521,DowntownYonge,2023,Q4,Tuesday,3030733.418,14.30892557
522,DowntownYonge,2023,Q4,Wednesday,3158421.465,14.91177594
523,DowntownYonge,2023,Q4,Thursday,3117890.031,14.7204159
524,DowntownYonge,2023,Q4,Friday,3263233.58,15.40662275
525,DowntownYonge,2023,Q4,Saturday,2961315.257,13.98118335
526,DowntownYonge,2022,Q4,Sunday,1066139.107,11.67440864
527,DowntownYonge,2022,Q4,Monday,1317333.711,14.42503324
528,DowntownYonge,2022,Q4,Tuesday,1316784.656,14.419021
529,DowntownYonge,2022,Q4,Wednesday,1321478.118,14.47041522
530,DowntownYonge,2022,Q4,Thursday,1344200.527,14.71922956
531,DowntownYonge,2022,Q4,Friday,1411001.552,15.4507124
532,DowntownYonge,2022,Q4,Saturday,1355337.371,14.84117994
533,FinancialDistrict,2023,Q4,Sunday,2245741.185,10.08490704
534,FinancialDistrict,2023,Q4,Monday,2989946.849,13.4268972
535,FinancialDistrict,2023,Q4,Tuesday,3527917.729,15.84275275
536,FinancialDistrict,2023,Q4,Wednesday,3669859.699,16.48016884
537,FinancialDistrict,2023,Q4,Thursday,3666805.587,16.4664538
538,FinancialDistrict,2023,Q4,Friday,3578741.173,16.07098462
539,FinancialDistrict,2023,Q4,Saturday,2589325.766,11.62783575
540,FinancialDistrict,2022,Q4,Sunday,937774.5757,8.853495202
541,FinancialDistrict,2022,Q4,Monday,1548970.269,14.62377121
542,FinancialDistrict,2022,Q4,Tuesday,1661720.058,15.68823781
543,FinancialDistrict,2022,Q4,Wednesday,1692276.537,15.97672041
544,FinancialDistrict,2022,Q4,Thursday,1707328.306,16.1188236
545,FinancialDistrict,2022,Q4,Friday,1682469.057,15.88412835
546,FinancialDistrict,2022,Q4,Saturday,1361600.847,12.85482341
547,GerrardIndiaBaz,2023,Q4,Sunday,108814.8317,13.56488866
548,GerrardIndiaBaz,2023,Q4,Monday,105676.8472,13.17370659
549,GerrardIndiaBaz,2023,Q4,Tuesday,99767.29384,12.43701995
550,GerrardIndiaBaz,2023,Q4,Wednesday,116981.6999,14.58297283
551,GerrardIndiaBaz,2023,Q4,Thursday,115138.7633,14.35323181
552,GerrardIndiaBaz,2023,Q4,Friday,125564.3383,15.65288703
553,GerrardIndiaBaz,2023,Q4,Saturday,130236.2839,16.23529313
554,GerrardIndiaBaz,2022,Q4,Sunday,47624.28942,14.0753303
555,GerrardIndiaBaz,2022,Q4,Monday,43347.00999,12.81118292
556,GerrardIndiaBaz,2022,Q4,Tuesday,45545.97225,13.4610849
557,GerrardIndiaBaz,2022,Q4,Wednesday,43966.1671,12.99417443
558,GerrardIndiaBaz,2022,Q4,Thursday,44755.99906,13.2276088
559,GerrardIndiaBaz,2022,Q4,Friday,56184.41002,16.60526883
560,GerrardIndiaBaz,2022,Q4,Saturday,56929.0604,16.82534981
561,Greektown,2023,Q4,Sunday,385745.4016,12.99289036
562,Greektown,2023,Q4,Monday,376903.3505,12.69506749
563,Greektown,2023,Q4,Tuesday,423857.5274,14.2766041
564,Greektown,2023,Q4,Wednesday,422638.204,14.23553417
565,Greektown,2023,Q4,Thursday,464968.4729,15.66132575
566,Greektown,2023,Q4,Friday,452761.3713,15.25015939
567,Greektown,2023,Q4,Saturday,442021.6676,14.88841874
568,Greektown,2022,Q4,Sunday,138751.8983,11.66810577
569,Greektown,2022,Q4,Monday,159058.4347,13.37574954
570,Greektown,2022,Q4,Tuesday,169612.7618,14.26329778
571,Greektown,2022,Q4,Wednesday,168238.8875,14.14776416
572,Greektown,2022,Q4,Thursday,178657.9552,15.023938
573,Greektown,2022,Q4,Friday,185626.1991,15.60992066
574,Greektown,2022,Q4,Saturday,189209.1648,15.91122409
575,Leslieville,2023,Q4,Sunday,315000.2838,13.64906875
576,Leslieville,2023,Q4,Monday,290915.4029,12.60546273
577,Leslieville,2023,Q4,Tuesday,313549.6068,13.58621043
578,Leslieville,2023,Q4,Wednesday,349048.4173,15.12438589
579,Leslieville,2023,Q4,Thursday,342460.9853,14.83895023
580,Leslieville,2023,Q4,Friday,351644.7449,15.23688564
581,Leslieville,2023,Q4,Saturday,345232.3944,14.95903633
582,Leslieville,2022,Q4,Sunday,123657.1307,12.70695245
583,Leslieville,2022,Q4,Monday,130129.8883,13.37209018
584,Leslieville,2022,Q4,Tuesday,126214.803,12.96977773
585,Leslieville,2022,Q4,Wednesday,145890.964,14.9916914
586,Leslieville,2022,Q4,Thursday,148961.714,15.30724032
587,Leslieville,2022,Q4,Friday,146606.3893,15.06520819
588,Leslieville,2022,Q4,Saturday,151684.5692,15.58703973
589,LibertyVillage,2023,Q4,Sunday,357369.1634,12.08571709
590,LibertyVillage,2023,Q4,Monday,397499.9908,13.44288462
591,LibertyVillage,2023,Q4,Tuesday,437358.931,14.79085732
592,LibertyVillage,2023,Q4,Wednesday,444923.9185,15.04669444
593,LibertyVillage,2023,Q4,Thursday,448418.9259,15.16489062
594,LibertyVillage,2023,Q4,Friday,457912.8316,15.48596102
595,LibertyVillage,2023,Q4,Saturday,413470.8064,13.9829949
596,LibertyVillage,2022,Q4,Sunday,145081.5884,11.46902551
597,LibertyVillage,2022,Q4,Monday,178354.6564,14.09933629
598,LibertyVillage,2022,Q4,Tuesday,180091.6387,14.23664865
599,LibertyVillage,2022,Q4,Wednesday,185197.8661,14.6403074
600,LibertyVillage,2022,Q4,Thursday,194175.439,15.3500047
601,LibertyVillage,2022,Q4,Friday,201407.2421,15.92169499
602,LibertyVillage,2022,Q4,Saturday,180677.755,14.28298246
603,PapeVillage,2023,Q4,Sunday,152788.0699,13.39782537
604,PapeVillage,2023,Q4,Monday,149060.8615,13.07099039
605,PapeVillage,2023,Q4,Tuesday,164684.3332,14.44099621
606,PapeVillage,2023,Q4,Wednesday,165565.5381,14.51826814
607,PapeVillage,2023,Q4,Thursday,164365.6219,14.41304875
608,PapeVillage,2023,Q4,Friday,169775.3998,14.88742649
609,PapeVillage,2023,Q4,Saturday,174154.7221,15.27144466
610,PapeVillage,2022,Q4,Sunday,63130.88979,13.79464198
611,PapeVillage,2022,Q4,Monday,60531.09764,13.22656505
612,PapeVillage,2022,Q4,Tuesday,63432.21222,13.86048352
613,PapeVillage,2022,Q4,Wednesday,61608.73515,13.46203811
614,PapeVillage,2022,Q4,Thursday,67786.75072,14.81198761
615,PapeVillage,2022,Q4,Friday,66761.49351,14.5879601
616,PapeVillage,2022,Q4,Saturday,74396.72424,16.25632363
617,QueenStreet,2023,Q4,Sunday,769668.0142,15.06244963
618,QueenStreet,2023,Q4,Monday,644255.1252,12.6081118
619,QueenStreet,2023,Q4,Tuesday,686443.5527,13.43374188
620,QueenStreet,2023,Q4,Wednesday,727943.6919,14.24590212
621,QueenStreet,2023,Q4,Thursday,710826.5808,13.91091922
622,QueenStreet,2023,Q4,Friday,768491.8946,15.0394329
623,QueenStreet,2023,Q4,Saturday,802217.3686,15.69944246
624,QueenStreet,2022,Q4,Sunday,320459.3093,14.02069183
625,QueenStreet,2022,Q4,Monday,302223.9186,13.22285951
626,QueenStreet,2022,Q4,Tuesday,305169.3567,13.35172791
627,QueenStreet,2022,Q4,Wednesday,309751.5333,13.55220668
628,QueenStreet,2022,Q4,Thursday,336915.3383,14.74067375
629,QueenStreet,2022,Q4,Friday,332999.7367,14.56935889
630,QueenStreet,2022,Q4,Saturday,378097.7602,16.54248144
631,Riverside,2023,Q4,Sunday,177499.016,12.42662477
632,Riverside,2023,Q4,Monday,173366.6539,12.13731999
633,Riverside,2023,Q4,Tuesday,212847.2272,14.90133684
634,Riverside,2023,Q4,Wednesday,216873.5677,15.18321909
635,Riverside,2023,Q4,Thursday,216010.6486,15.12280652
636,Riverside,2023,Q4,Friday,220064.2238,15.40659546
637,Riverside,2023,Q4,Saturday,211715.3884,14.82209732
638,Riverside,2022,Q4,Sunday,90214.79049,12.60560724
639,Riverside,2022,Q4,Monday,91172.63999,12.73944643
640,Riverside,2022,Q4,Tuesday,94657.34288,13.22635989
641,Riverside,2022,Q4,Wednesday,103620.774,14.47880964
642,Riverside,2022,Q4,Thursday,115793.4565,16.17968434
643,Riverside,2022,Q4,Friday,114370.39,15.98084093
644,Riverside,2022,Q4,Saturday,105842.5194,14.78925153
645,StLawrenceMarket,2023,Q4,Sunday,1562032.717,11.69784597
646,StLawrenceMarket,2023,Q4,Monday,1801308.56,13.4897495
647,StLawrenceMarket,2023,Q4,Tuesday,1984439.398,14.8611909
648,StLawrenceMarket,2023,Q4,Wednesday,2063529.488,15.4534856
649,StLawrenceMarket,2023,Q4,Thursday,2037806.832,15.2608522
650,StLawrenceMarket,2023,Q4,Friday,2062671.999,15.44706399
651,StLawrenceMarket,2023,Q4,Saturday,1841376.38,13.78981184
652,StLawrenceMarket,2022,Q4,Sunday,645953.0232,10.67780342
653,StLawrenceMarket,2022,Q4,Monday,833751.2082,13.78216554
654,StLawrenceMarket,2022,Q4,Tuesday,866830.8538,14.32898233
655,StLawrenceMarket,2022,Q4,Wednesday,913104.4902,15.09389986
656,StLawrenceMarket,2022,Q4,Thursday,917791.6402,15.1713799
657,StLawrenceMarket,2022,Q4,Friday,962367.4283,15.90823147
658,StLawrenceMarket,2022,Q4,Saturday,909694.8519,15.03753748
659,WestQueenWest,2023,Q4,Sunday,526309.5005,14.39233767
660,WestQueenWest,2023,Q4,Monday,466007.4045,12.74333052
661,WestQueenWest,2023,Q4,Tuesday,499716.7578,13.66513869
662,WestQueenWest,2023,Q4,Wednesday,518101.8898,14.16789425
663,WestQueenWest,2023,Q4,Thursday,521552.3833,14.26225064
664,WestQueenWest,2023,Q4,Friday,552412.7552,15.10615122
665,WestQueenWest,2023,Q4,Saturday,572772.2412,15.66289701
666,WestQueenWest,2022,Q4,Sunday,201959.6164,13.86701575
667,WestQueenWest,2022,Q4,Monday,190954.037,13.11134713
668,WestQueenWest,2022,Q4,Tuesday,203769.7636,13.99130465
669,WestQueenWest,2022,Q4,Wednesday,200741.0566,13.78334661
670,WestQueenWest,2022,Q4,Thursday,204764.2185,14.05958623
671,WestQueenWest,2022,Q4,Friday,219613.7274,15.07918796
672,WestQueenWest,2022,Q4,Saturday,234600.4583,16.10821167
